Type,Name,Request Count,Failure Count,Median Response Time,Average Response Time,Min Response Time,Max Response Time,Average Content Size,Requests/s,Failures/s,50%,66%,75%,80%,90%,95%,98%,99%,99.9%,99.99%,100%
grpc,CreateTerm,47,0,65,164.25531914893617,57,1317,12.0,0.6133015647660403,0.0,65,91,280,290,320,380,1300,1300,1300,1300,1300
grpc,GetAllTerms,228,0,140,215.0482456140351,100,1009,244.44736842105263,2.9751650375884506,0.0,140,180,340,360,400,450,650,680,1000,1000,1000
grpc,GetGraph,21,0,180,219.85714285714286,135,441,244.76190476190476,0.274028358725252,0.0,180,210,260,300,350,350,440,440,440,440,440
grpc,GetTerm,108,0,63,137.24074074074073,56,1299,13.101851851851851,1.4092887020155818,0.0,63,78,130,280,320,340,510,720,1300,1300,1300
,Aggregated,404,0,130,188.5891089108911,56,1317,155.57673267326732,5.2717836630953245,0.0,130,170,280,320,390,430,540,720,1300,1300,1300
