Type,Name,Request Count,Failure Count,Median Response Time,Average Response Time,Min Response Time,Max Response Time,Average Content Size,Requests/s,Failures/s,50%,66%,75%,80%,90%,95%,98%,99%,99.9%,99.99%,100%
grpc,CreateTerm,10,0,63,80.2,60,232,12.0,0.3341874734084653,0.0,63,66,67,67,230,230,230,230,230,230,230
grpc,GetAllTerms,81,0,97,118.79012345679013,91,328,88.62962962962963,2.7069185346085685,0.0,97,110,120,130,150,270,320,330,330,330,330
grpc,GetGraph,5,0,120,148.8,107,276,91.2,0.16709373670423264,0.0,120,120,120,280,280,280,280,280,280,280,280
grpc,GetTerm,39,0,60,89.25641025641026,56,337,12.76923076923077,1.3033311462930144,0.0,60,61,62,64,280,290,340,340,340,340,340
,Aggregated,135,0,94,108.5111111111111,56,337,61.13333333333333,4.511530891014281,0.0,94,110,110,120,160,290,320,330,340,340,340
