Type,Name,Request Count,Failure Count,Median Response Time,Average Response Time,Min Response Time,Max Response Time,Average Content Size,Requests/s,Failures/s,50%,66%,75%,80%,90%,95%,98%,99%,99.9%,99.99%,100%
grpc,CreateTerm,94,0,60,89.46808510638297,57,340,17.659574468085108,0.7640216286885152,0.0,60,61,63,67,280,290,330,340,340,340,340
grpc,GetAllTerms,533,0,130,157.80675422138836,101,489,316.12007504690433,4.33216519245722,0.0,130,140,140,150,270,370,410,420,490,490,490
grpc,GetGraph,46,0,160,182.95652173913044,132,421,317.7826086956522,0.3738829246773585,0.0,160,160,170,180,360,390,420,420,420,420,420
grpc,GetTerm,246,0,59,86.60569105691057,55,346,12.841463414634147,1.9994608580571782,0.0,59,60,62,63,260,290,330,340,350,350,350
,Aggregated,919,0,130,133.01632208922743,55,489,204.49292709466812,7.469530603880271,0.0,130,130,140,150,270,350,400,410,490,490,490
