Type,Name,Request Count,Failure Count,Median Response Time,Average Response Time,Min Response Time,Max Response Time,Average Content Size,Requests/s,Failures/s,50%,66%,75%,80%,90%,95%,98%,99%,99.9%,99.99%,100%
grpc,CreateTerm,63,0,61,117.39682539682539,58,334,12.0,0.9515441540003977,0.0,61,65,100,270,300,300,310,330,330,330,330
grpc,GetAllTerms,276,0,110,145.14492753623188,91,871,122.90942028985508,4.168669627049361,0.0,110,120,120,140,310,350,390,400,870,870,870
grpc,GetGraph,27,0,130,183.77777777777777,115,473,126.29629629629629,0.40780463742874185,0.0,130,150,160,170,380,460,470,470,470,470,470
grpc,GetTerm,162,0,59,81.33333333333333,56,341,13.320987654320987,2.446827824572451,0.0,59,59,60,62,84,290,300,320,340,340,340
,Aggregated,528,0,97,124.23106060606061,56,871,76.22537878787878,7.974846243050952,0.0,97,120,120,130,300,320,370,400,870,870,870
